Discount_Level,Sales,Profit
"High Discount",1127083.1433122754,-45026.69187334925
"Low Discount",1169836.340527773,331435.7714840099
