category,Total_Sales,Total_Profit
"Office Supplies",719047.0312836766,122490.8006472364
Furniture,741718.4216941595,18463.33151039481
Technology,836154.0308622122,145454.94745302945
