Region,Total_Sales
West,725457.8231142759
East,678499.8657672405
Central,501239.889593184
South,391721.90536534786
